{
  "IcoMoonType": "selection",
  "icons": [
    {
      "icon": {
        "paths": [
          "M508.636 99.523v824.837c0-0 0 0 0 0 0 54.901-44.506 99.407-99.407 99.407-32.369 0-61.125-15.471-79.276-39.422l-310.234-412.725c-12.385-16.448-19.835-37.223-19.835-59.737s7.45-43.289 20.020-59.993l309.869-412.221c18.331-24.199 47.087-39.67 79.456-39.67 54.901 0 99.407 44.506 99.407 99.407 0 0-0 0-0 0zM57.997 512c-0 0.023-0 0.050-0 0.077 0 9.329 3.094 17.936 8.311 24.85l309.978 412.372c7.638 10.049 19.598 16.472 33.059 16.472 22.83 0 41.344-18.474 41.41-41.288l0-824.96c-0.066-22.82-18.58-41.295-41.41-41.295-13.46 0-25.421 6.422-32.984 16.37l-310.128 412.579c-5.142 6.823-8.236 15.442-8.236 24.784 0 0.014 0 0.027 0 0.041z"
        ],
        "attrs": [
          {}
        ],
        "width": 509,
        "isMulticolor": false,
        "isMulticolor2": false,
        "grid": 0,
        "tags": [
          "arrow-left"
        ]
      },
      "attrs": [
        {}
      ],
      "properties": {
        "order": 14,
        "id": 3,
        "name": "arrow-left",
        "prevSize": 32,
        "code": 59649
      },
      "setIdx": 0,
      "setId": 4,
      "iconIdx": 0
    },
    {
      "icon": {
        "paths": [
          "M0 924.361v-824.837c-0 0-0-0-0-0 0-54.901 44.506-99.407 99.407-99.407 32.369 0 61.125 15.471 79.276 39.422l310.234 412.725c12.385 16.448 19.835 37.223 19.835 59.737s-7.45 43.289-20.020 59.993l-309.869 412.221c-18.331 24.199-47.087 39.67-79.456 39.67-54.901 0-99.407-44.506-99.407-99.407 0-0 0-0 0-0zM450.755 511.884c0-0.023 0-0.050 0-0.077 0-9.329-3.094-17.936-8.311-24.85l-309.978-412.372c-7.638-10.049-19.598-16.472-33.059-16.472-22.83 0-41.344 18.474-41.41 41.288l-0 824.844c0.066 22.82 18.58 41.295 41.41 41.295 13.46 0 25.421-6.422 32.984-16.37l310.128-412.579c5.104-6.772 8.191-15.317 8.236-24.58z"
        ],
        "attrs": [
          {}
        ],
        "width": 509,
        "isMulticolor": false,
        "isMulticolor2": false,
        "grid": 0,
        "tags": [
          "arrow-right"
        ]
      },
      "attrs": [
        {}
      ],
      "properties": {
        "order": 12,
        "id": 2,
        "name": "arrow-right",
        "prevSize": 32,
        "code": 59650
      },
      "setIdx": 0,
      "setId": 4,
      "iconIdx": 1
    },
    {
      "icon": {
        "paths": [
          "M200.363-0.234h1660.585c110.361 0.221 199.741 89.737 199.741 200.129 0 65.304-31.278 123.302-79.671 159.831l-830.915 624.574c-33.114 24.934-74.938 39.933-120.265 39.933s-87.151-14.999-120.779-40.304l-829.895-623.837c-48.902-36.895-80.182-94.895-80.182-160.201 0-110.528 89.601-200.13 200.13-200.13 0.44 0 0.879 0.001 1.318 0.004zM1030.772 907.238c0.046 0 0.101 0 0.156 0 18.782 0 36.109-6.228 50.029-16.733l829.498-623.822c20.232-15.377 33.161-39.456 33.161-66.554 0-45.961-37.193-83.235-83.123-83.367l-1660.13-0c-45.943 0.132-83.135 37.406-83.135 83.368 0 27.099 12.929 51.178 32.956 66.405l830.614 624.358c13.736 10.352 31.089 16.58 49.896 16.58 0.027 0 0.055-0 0.082-0z"
        ],
        "attrs": [
          {}
        ],
        "width": 2062,
        "isMulticolor": false,
        "isMulticolor2": false,
        "grid": 0,
        "tags": [
          "arrow-down"
        ]
      },
      "attrs": [
        {}
      ],
      "properties": {
        "order": 13,
        "id": 1,
        "name": "arrow-down",
        "prevSize": 32,
        "code": 59651
      },
      "setIdx": 0,
      "setId": 4,
      "iconIdx": 2
    },
    {
      "icon": {
        "paths": [
          "M1860.948 1024h-1660.585c0 0-0 0-0 0-110.528 0-200.13-89.601-200.13-200.13 0-65.167 31.147-123.059 79.366-159.601l830.908-624.571c33.114-24.934 74.938-39.933 120.265-39.933s87.151 14.999 120.779 40.304l828.961 624.071c48.718 36.905 79.865 94.797 79.865 159.964 0 110.528-89.601 200.13-200.13 200.13-0 0-0-0-0-0zM1030.772 116.528c-0.046-0-0.101-0-0.156-0-18.782 0-36.109 6.228-50.029 16.733l-830.199 624.056c-20.232 15.377-33.161 39.456-33.161 66.554 0 45.961 37.193 83.235 83.123 83.367l1660.597 0c45.943-0.132 83.135-37.406 83.135-83.368 0-27.099-12.929-51.178-32.956-66.405l-830.614-624.358c-13.695-10.322-30.988-16.544-49.732-16.58z"
        ],
        "attrs": [
          {}
        ],
        "width": 2062,
        "isMulticolor": false,
        "isMulticolor2": false,
        "grid": 0,
        "tags": [
          "arrow-up"
        ]
      },
      "attrs": [
        {}
      ],
      "properties": {
        "order": 11,
        "id": 0,
        "name": "arrow-up",
        "prevSize": 32,
        "code": 59648
      },
      "setIdx": 0,
      "setId": 4,
      "iconIdx": 3
    }
  ],
  "height": 1024,
  "metadata": {
    "name": "icomoon"
  },
  "preferences": {
    "showGlyphs": true,
    "showQuickUse": true,
    "showQuickUse2": true,
    "showSVGs": true,
    "fontPref": {
      "prefix": "icon-",
      "metadata": {
        "fontFamily": "icomoon"
      },
      "metrics": {
        "emSize": 1024,
        "baseline": 6.25,
        "whitespace": 50
      },
      "embed": false
    },
    "imagePref": {
      "prefix": "icon-",
      "png": true,
      "useClassSelector": true,
      "color": 0,
      "bgColor": 16777215,
      "classSelector": ".icon"
    },
    "historySize": 50,
    "showCodes": true,
    "gridSize": 16
  }
}